-- ============================================================================
-- SEED DATA: bus_models
-- ============================================================================

insert into bus_models (id, manufacturer, model, length_ft, fuel_type, year_introduced, description) values
  ('2015-gillig-low-floor-cng-40', 'Gillig', 'Low Floor CNG 40''', 40, 'CNG', 2015, 'Standard 40-foot low-floor CNG bus by Gillig. A workhorse of the MTS fleet with accessible boarding and compressed natural gas power.'),
  ('2025-new-flyer-xn40', 'New Flyer', 'XN40', 40, 'CNG', 2025, 'Brand-new Xcelsior CHARGE NG 40-foot CNG buses. The newest addition to the MTS fleet, featuring modern amenities and improved fuel efficiency.'),
  ('2012-new-flyer-c40lfr', 'New Flyer', 'C40LFR', 40, 'CNG', 2012, 'New Flyer C40LFR low-floor CNG transit bus. One of the older workhorses in the fleet, these buses have been reliably serving San Diego routes since 2012.'),
  ('2013-gillig-low-floor-cng-40', 'Gillig', 'Low Floor CNG 40''', 40, 'CNG', 2013, 'Gillig low-floor 40-foot CNG bus from the 2013 order. Part of a mid-2010s fleet expansion for fixed-route service.'),
  ('2014-gillig-low-floor-cng-40', 'Gillig', 'Low Floor CNG 40''', 40, 'CNG', 2014, 'A small batch of Gillig low-floor CNG buses from 2014. Shares the same reliable platform as the 800-series with minor updates.'),
  ('2013-new-flyer-xn60', 'New Flyer', 'XN60', 60, 'CNG', 2013, '60-foot articulated CNG bus with a bendable joint for high-capacity routes. Among the first XN60 articulateds in the MTS fleet.'),
  ('2015-new-flyer-xn60', 'New Flyer', 'XN60', 60, 'CNG', 2015, 'Articulated 60-foot New Flyer CNG bus. Used on MTS Rapid and other high-ridership corridors where extra passenger capacity is needed.'),
  ('2017-gillig-low-floor-cng-40', 'Gillig', 'Low Floor CNG 40''', 40, 'CNG', 2017, 'Gillig low-floor CNG 40-footer from a 2017 delivery. Features updated interiors compared to earlier Gillig batches.'),
  ('2019-new-flyer-xe40', 'New Flyer', 'XE40', 40, 'Electric', 2019, 'One of the first battery-electric buses in the MTS fleet. These Xcelsior CHARGE 40-footers were a pilot for zero-emission transit in San Diego.'),
  ('2020-gillig-low-floor-plus-ev-40', 'Gillig', 'Low Floor Plus EV 40''', 40, 'Electric', 2020, 'Gillig''s battery-electric variant of their proven low-floor platform. Part of MTS''s early zero-emission rollout alongside the New Flyer XE40s.'),
  ('2020-gillig-low-floor-cng-40', 'Gillig', 'Low Floor CNG 40''', 40, 'CNG', 2020, 'A large 2020 order of Gillig low-floor CNG buses. These 40-footers helped replace aging vehicles across multiple MTS routes.'),
  ('2021-new-flyer-xn60', 'New Flyer', 'XN60', 60, 'CNG', 2021, 'Articulated 60-foot CNG bus for high-demand corridors. Features the updated Xcelsior interior with improved passenger amenities.'),
  ('2023-new-flyer-xn60', 'New Flyer', 'XN60', 60, 'CNG', 2023, 'Recent-model 60-foot articulated CNG buses. These bendies serve MTS Rapid lines and other routes needing maximum passenger throughput.'),
  ('2024-new-flyer-xn60', 'New Flyer', 'XN60', 60, 'CNG', 2024, 'The newest articulated CNG buses in the fleet. A small 2024 follow-on order continuing the XN60 platform on high-ridership routes.'),
  ('2022-gillig-low-floor-cng-40', 'Gillig', 'Low Floor CNG 40''', 40, 'CNG', 2022, 'A 2022 batch of Gillig low-floor CNG 40-footers. Features the latest Gillig interior refresh with improved LED lighting and seating.'),
  ('2021-gillig-low-floor-cng-40', 'Gillig', 'Low Floor CNG 40''', 40, 'CNG', 2021, 'Gillig low-floor CNG 40-footers from a 2021 delivery. Helped refresh the aging mid-2010s Gillig fleet with updated components.'),
  ('2018-gillig-low-floor-cng-40', 'Gillig', 'Low Floor CNG 40''', 40, 'CNG', 2018, 'A small batch of 2018 Gillig CNG buses. These fill-in units supplemented larger orders to meet route coverage needs.'),
  ('2011-new-flyer-c40lfr', 'New Flyer', 'C40LFR', 40, 'CNG', 2011, 'The oldest New Flyer buses still in service. These C40LFR low-floor CNG buses have been workhorses since 2011.'),
  ('2014-ford-eldorado-f550-aero-elite', 'Ford/ElDorado', 'F-550/Aero Elite', 25, 'Gasoline', 2014, 'Compact 25-foot cutaway shuttle bus on a Ford F-550 chassis. Used for lower-ridership community routes and demand-response service.'),
  ('2016-ford-eldorado-f550-aero-elite', 'Ford/ElDorado', 'F-550/Aero Elite', 25, 'LPG', 2016, 'LPG-powered cutaway shuttle on a Ford F-550 chassis. The propane fuel makes these cleaner-burning than their gasoline 3000-series siblings.'),
  ('2019-ford-starcraft-f550-allstar-xl', 'Ford/Starcraft', 'F550/Allstar XL', 25, 'Gasoline', 2019, 'Starcraft-bodied cutaway on a Ford F-550 chassis. A newer shuttle variant used for paratransit and community connector routes.'),
  ('2017-new-flyer-xn60', 'New Flyer', 'XN60', 60, 'CNG', 2017, '60-foot articulated CNG buses assigned to high-frequency services. Part of a 2017 expansion of articulated capacity.'),
  ('2023-new-flyer-xe60', 'New Flyer', 'XE60', 60, 'Electric', 2023, 'Battery-electric 60-foot articulated bus — the largest zero-emission vehicles in the MTS fleet. A major step toward full fleet electrification.'),
  ('2025-new-flyer-xe40', 'New Flyer', 'XE40', 40, 'Electric', 2025, 'The newest and largest batch of battery-electric 40-foot buses. These Xcelsior CHARGE units represent MTS''s accelerating shift to zero-emission transit.'),
  ('2016-gillig-low-floor-cng-40', 'Gillig', 'Low Floor CNG 40''', 40, 'CNG', 2016, 'A 2016 batch of Gillig CNG buses. One of the larger Gillig orders, these buses are distributed across multiple MTS operating divisions.'),
  ('2019-gillig-low-floor-cng-40', 'Gillig', 'Low Floor CNG 40''', 40, 'CNG', 2019, 'A small 2019 follow-on order of Gillig low-floor CNG buses. Supplemented the existing Gillig fleet with updated components.'),
  ('2020-mci-d4500ct-cng', 'MCI', 'D4500CT CNG', 40, 'CNG', 2020, 'Motor Coach Industries commuter coach running on CNG. A highway-style bus with high-back seating, used on longer express and commuter routes.');

-- ============================================================================
-- SEED DATA: fleet_entries
-- ============================================================================

insert into fleet_entries (range_start, range_end, bus_model_id) values
  (201,  223,  '2015-gillig-low-floor-cng-40'),
  (301,  390,  '2025-new-flyer-xn40'),
  (701,  731,  '2012-new-flyer-c40lfr'),
  (801,  826,  '2013-gillig-low-floor-cng-40'),
  (901,  912,  '2014-gillig-low-floor-cng-40'),
  (1201, 1218, '2013-new-flyer-xn60'),
  (1301, 1313, '2015-new-flyer-xn60'),
  (1401, 1410, '2017-gillig-low-floor-cng-40'),
  (1501, 1506, '2019-new-flyer-xe40'),
  (1601, 1607, '2020-gillig-low-floor-plus-ev-40'),
  (1701, 1738, '2020-gillig-low-floor-cng-40'),
  (1801, 1826, '2021-new-flyer-xn60'),
  (1901, 1924, '2023-new-flyer-xn60'),
  (1925, 1929, '2024-new-flyer-xn60'),
  (2001, 2014, '2015-gillig-low-floor-cng-40'),
  (2101, 2136, '2017-gillig-low-floor-cng-40'),
  (2201, 2238, '2022-gillig-low-floor-cng-40'),
  (2301, 2324, '2013-gillig-low-floor-cng-40'),
  (2401, 2438, '2014-gillig-low-floor-cng-40'),
  (2601, 2632, '2021-gillig-low-floor-cng-40'),
  (2781, 2787, '2018-gillig-low-floor-cng-40'),
  (2791, 2795, '2021-gillig-low-floor-cng-40'),
  (2901, 2927, '2011-new-flyer-c40lfr'),
  (3001, 3006, '2014-ford-eldorado-f550-aero-elite'),
  (3101, 3131, '2016-ford-eldorado-f550-aero-elite'),
  (3506, 3508, '2019-ford-starcraft-f550-allstar-xl'),
  (7401, 7410, '2017-new-flyer-xn60'),
  (7501, 7517, '2017-new-flyer-xn60'),
  (7551, 7562, '2023-new-flyer-xe60'),
  (7601, 7691, '2025-new-flyer-xe40'),
  (8201, 8213, '2015-gillig-low-floor-cng-40'),
  (8301, 8338, '2016-gillig-low-floor-cng-40'),
  (8351, 8356, '2019-gillig-low-floor-cng-40'),
  (8531, 8554, '2020-mci-d4500ct-cng');

-- ============================================================================
-- SEED DATA: mts_lines
-- ============================================================================

insert into mts_lines (route, name) values
  ('1', 'Fashion Valley - La Mesa'),
  ('2', 'Downtown - North Park'),
  ('3', 'UCSD Med. Ctr. / Hillcrest - Euclid Trolley'),
  ('4', 'Lomita Village - 12th & Imperial Transit Ctr'),
  ('5', 'Euclid Trolley - Downtown San Diego / 10th & Broadway'),
  ('6', 'Fashion Valley - North Park'),
  ('7', 'Downtown - University & College'),
  ('8', 'Old Town - Balboa Avenue Transit Center'),
  ('9', 'Pacific Beach via SeaWorld - Old Town via SeaWorld'),
  ('10', 'University & College - Old Town Transit Center'),
  ('11', 'SDSU - Downtown'),
  ('12', 'Skyline Hills - City College'),
  ('13', 'Kaiser Hosp. / Union Grantville Trolley - 24th St. Trolley'),
  ('14', 'Union Grantville Trolley - Baltimore & Lake Murray'),
  ('18', 'Union Grantville - Camino del Rio - Union Grantville'),
  ('20', 'Rancho Bernardo Transit Station - Downtown San Diego'),
  ('25', 'Kearny Mesa Transit Center - Fashion Valley Transit Center'),
  ('27', 'Pacific Beach - Kearny Mesa Transit Center'),
  ('28', 'Shelter Island - Old Town Transit Center'),
  ('30', 'Old Town - UTC / VA Medical Center'),
  ('31', 'UTC - Mira Mesa'),
  ('35', 'Old Town Transit Center - Ocean Beach'),
  ('41', 'UCSD - Fashion Valley Transit Center'),
  ('43', 'Balboa Avenue Transit Center - Kearny Mesa Transit Center'),
  ('44', 'Kearny Mesa - Old Town'),
  ('60', 'UTC via Kearny Mesa - Euclid Av Trolley Station via Kearny Mesa'),
  ('83', 'Old Town - Downtown'),
  ('84', 'Shelter Island - Sub Base / Cabrillo Monument'),
  ('88', 'Fashion Valley Transit Center - Old Town Transit Center'),
  ('105', 'Old Town Transit Center - UTC'),
  ('110', 'Downtown San Diego - Mira Mesa Express'),
  ('115', 'SDSU Transit Center - El Cajon Transit Center'),
  ('120', 'Kearny Mesa Transit Ctr Limited Stops - Downtown Limited Stops'),
  ('201', 'UCSD Medical Center - UCSD - Nobel - UTC'),
  ('202', 'UCSD Medical Center - UCSD - Nobel - UTC'),
  ('204', 'UTC - Executive - Judicial - UTC'),
  ('215', 'SDSU - Downtown'),
  ('225', 'Downtown San Diego - Otay Mesa Transit Center'),
  ('227', 'Otay Mesa Transit Center - Imperial Beach Pier'),
  ('235', 'Downtown San Diego - Escondido Transit Center'),
  ('237', 'Mira Mesa - UC San Diego'),
  ('280', 'Downtown San Diego - Escondido Transit Center'),
  ('290', 'Downtown San Diego - Rancho Bernardo Transit Station'),
  ('701', 'H Street Trolley - Palomar Street Trolley'),
  ('704', 'E Street Trolley - Palomar Street Trolley'),
  ('705', 'Southwestern College - Bayfront / E Street Trolley'),
  ('707', 'Southwestern College - Otay Ranch Town Center'),
  ('709', 'Otay Ranch Town Center - H St. Trolley'),
  ('712', 'Southwestern College - Palomar St. Trolley Station'),
  ('815', 'El Cajon Transit Ctr. - East Main & Madison'),
  ('816', 'Cuyamaca College - El Cajon Transit Ctr.'),
  ('832', 'Santee Town Center - North Santee'),
  ('833', 'El Cajon Transit Center - Santee Trolley Station'),
  ('834', 'Santee Trolley - West Santee - Santee Trolley'),
  ('838', 'East County Sq - Alpine'),
  ('848', 'Lakeside - El Cajon Transit Center'),
  ('851', 'Spring Street Trolley - Spring Valley'),
  ('852', 'Grossmont Transit Center - University & 54th'),
  ('854', 'Grossmont College - Grossmont Transit Center'),
  ('855', 'Spring Street Trolley - Rancho San Diego'),
  ('856', 'SDSU - Rancho SD / Cuyamaca College'),
  ('864', 'El Cajon Transit Center - East County Square'),
  ('872', 'El Cajon Shuttle Loop'),
  ('874', 'El Cajon Transit Center - East El Cajon'),
  ('875', 'El Cajon Transit Center - East El Cajon'),
  ('888', 'Jacumba / Campo - El Cajon'),
  ('891', 'Borrego Springs via Shelter Valley - El Cajon'),
  ('892', 'Borrego Springs via Ranchita - El Cajon'),
  ('894', 'Tecate - Campo - Morena Village - El Cajon'),
  ('901', 'Downtown San Diego - Iris Trolley'),
  ('904', 'Ferry Landing - Coronado City Hall'),
  ('905', 'Otay Mesa Transit Center - Iris Trolley'),
  ('906', 'San Ysidro/International Border - Iris Trolley'),
  ('907', 'San Ysidro/International Border - Iris Trolley'),
  ('909', 'Otay Mesa Transit Center - Southwestern College at Otay Mesa'),
  ('910', 'Overnight Express: San Ysidro Transit Center - Downtown San Diego'),
  ('916', 'Streamview - College Grove - Massachusetts Av - Euclid'),
  ('917', 'Streamview - College Grove - Massachusetts Av - Euclid'),
  ('921', 'UTC - Mira Mesa'),
  ('923', 'Ocean Beach - Downtown'),
  ('928', 'Fashion Valley Transit Center - Kearny Mesa Transit Center'),
  ('929', 'Iris Transit Center - 12th & Imperial'),
  ('932', '8th St Trolley - Iris Ave Transit Center'),
  ('933', 'Walmart - Palm Av - Seacoast - I.B. Blvd - Iris'),
  ('934', 'Walmart - Palm Av - Seacoast - I.B. Blvd - Iris'),
  ('936', 'SDSU Transit Center - Spring Valley'),
  ('944', 'Poway - Sabre Springs Transit Station'),
  ('945', 'Rancho Bernardo Transit Station - Old Poway Park'),
  ('945A', 'Poway Loop'),
  ('955', 'SDSU Transit Center - 8th Street Trolley'),
  ('961', '24th Street Trolley - Encanto / 62nd Street Trolley'),
  ('962', 'Spring Valley - 8th Street Trolley'),
  ('963', '8th Street Transit Center - Paradise Hills'),
  ('964', 'Alliant International University - Camino Ruiz & Capricorn'),
  ('965', 'City Heights Circulator'),
  ('967', '24th St Transit Center - Division/Ava'),
  ('968', '8th Street Transit Center - Plaza Bonita'),
  ('985', 'UC San Diego - N. Torrey Pines'),
  ('992', 'Downtown - Airport - Downtown');
